"TPTID","taxonID","scientificNameID","acceptedNameUsageID","parentNameUsageID","originalNameUsageID","nameAccordingToID","namePublishedInID","taxonConceptID","scientificName","acceptedNameUsage","parentNameUsage","originalNameUsage","nameAccordingTo","namePublishedIn","namePublishedInYear","higherClassification","kingdom","phylum","class","order","family","genus","subgenus","specificEpithet","infraspecificEpithet","taxonRank","verbatimTaxonRank","scientificNameAuthorship","vernacularName","nomenclaturalCode","taxonomicStatus","nomenclaturalStatus","taxonRemarks","infraorder","superfamily","subfamily","canonical"
"CoLx4","x4",NA,NA,NA,NA,NA,NA,NA,"Animalia",NA,NA,NA,NA,NA,NA,NA,NA,NA,NA,NA,NA,NA,NA,NA,NA,"KINGDOM",NA,NA,NA,NA,"ACCEPTED",NA,NA,NA,NA,NA,"review"
"CoLx6","x6",NA,NA,"x4",NA,NA,NA,NA,"Arthropoda",NA,NA,NA,NA,NA,NA,NA,NA,NA,NA,NA,NA,NA,NA,NA,NA,"PHYLUM",NA,NA,NA,NA,"ACCEPTED",NA,NA,NA,NA,NA,"review"
"CoLx8","x8",NA,NA,"x6",NA,NA,NA,NA,"Insecta",NA,NA,NA,NA,NA,NA,NA,NA,NA,NA,NA,NA,NA,NA,NA,NA,"CLASS",NA,NA,NA,NA,"ACCEPTED",NA,NA,NA,NA,NA,"review"
"CoLxA","xA",NA,NA,"x8",NA,NA,NA,NA,"Siphonaptera",NA,NA,NA,NA,NA,NA,NA,NA,NA,NA,NA,NA,NA,NA,NA,NA,"ORDER",NA,NA,NA,NA,"ACCEPTED",NA,NA,NA,NA,NA,"review"
"CoLxG4","xG4",NA,NA,"xA",NA,NA,NA,NA,"Stephanocircidoidea",NA,NA,NA,NA,NA,NA,NA,NA,NA,NA,NA,NA,NA,NA,NA,NA,"SUPERFAMILY",NA,NA,NA,NA,"ACCEPTED",NA,NA,NA,NA,NA,"review"
"CoLxG6","xG6",NA,NA,"xG4",NA,NA,NA,NA,"Stephanocircidae",NA,NA,NA,NA,NA,NA,NA,NA,NA,NA,NA,NA,NA,NA,NA,NA,"FAMILY",NA,NA,NA,NA,"ACCEPTED",NA,NA,NA,NA,NA,"review"
"CoLxGQ","xGQ",NA,NA,"xG6",NA,NA,NA,NA,"Stephanocircus",NA,NA,NA,NA,NA,NA,NA,NA,NA,NA,NA,NA,NA,NA,NA,NA,"GENUS",NA,NA,NA,NA,"ACCEPTED",NA,NA,NA,NA,NA,"review"
"CoLxGN","xGN",NA,NA,"xG6",NA,NA,NA,NA,"Coronapsylla",NA,NA,NA,NA,NA,NA,NA,NA,NA,NA,NA,NA,NA,NA,NA,NA,"GENUS",NA,NA,NA,NA,"ACCEPTED",NA,NA,NA,NA,NA,"review"
"CoLxGL","xGL",NA,NA,"xG6",NA,NA,NA,NA,"Tiarapsylla",NA,NA,NA,NA,NA,NA,NA,NA,NA,NA,NA,NA,NA,NA,NA,NA,"GENUS",NA,NA,NA,NA,"ACCEPTED",NA,NA,NA,NA,NA,"review"
"CoLxGJ","xGJ",NA,NA,"xG6",NA,NA,NA,NA,"Sphinctopsylla",NA,NA,NA,NA,NA,NA,NA,NA,NA,NA,NA,NA,NA,NA,NA,NA,"GENUS",NA,NA,NA,NA,"ACCEPTED",NA,NA,NA,NA,NA,"review"
"CoLxGC","xGC",NA,NA,"xG6",NA,NA,NA,NA,"Craneopsylla",NA,NA,NA,NA,NA,NA,NA,NA,NA,NA,NA,NA,NA,NA,NA,NA,"GENUS",NA,NA,NA,NA,"ACCEPTED",NA,NA,NA,NA,NA,"review"
"CoLxGE","xGE",NA,NA,"xG6",NA,NA,NA,NA,"Nonnapsylla",NA,NA,NA,NA,NA,NA,NA,NA,NA,NA,NA,NA,NA,NA,NA,NA,"GENUS",NA,NA,NA,NA,"ACCEPTED",NA,NA,NA,NA,NA,"review"
"CoLxGG","xGG",NA,NA,"xG6",NA,NA,NA,NA,"Plocopsylla",NA,NA,NA,NA,NA,NA,NA,NA,NA,NA,NA,NA,NA,NA,NA,NA,"GENUS",NA,NA,NA,NA,"ACCEPTED",NA,NA,NA,NA,NA,"review"
"CoLxG8","xG8",NA,NA,"xG6",NA,NA,NA,NA,"Barreropsylla",NA,NA,NA,NA,NA,NA,NA,NA,NA,NA,NA,NA,NA,NA,NA,NA,"GENUS",NA,NA,NA,NA,"ACCEPTED",NA,NA,NA,NA,NA,"review"
"CoLxGA","xGA",NA,NA,"xG6",NA,NA,NA,NA,"Cleopsylla",NA,NA,NA,NA,NA,NA,NA,NA,NA,NA,NA,NA,NA,NA,NA,NA,"GENUS",NA,NA,NA,NA,"ACCEPTED",NA,NA,NA,NA,NA,"review"
"CoLxB2","xB2",NA,NA,"xA",NA,NA,NA,NA,"Ancistropsylloidea",NA,NA,NA,NA,NA,NA,NA,NA,NA,NA,NA,NA,NA,NA,NA,NA,"SUPERFAMILY",NA,NA,NA,NA,"ACCEPTED",NA,NA,NA,NA,NA,"review"
"CoLxB4","xB4",NA,NA,"xB2",NA,NA,NA,NA,"Ancistropsyllidae",NA,NA,NA,NA,NA,NA,NA,NA,NA,NA,NA,NA,NA,NA,NA,NA,"FAMILY",NA,NA,NA,NA,"ACCEPTED",NA,NA,NA,NA,NA,"review"
"CoLxB6","xB6",NA,NA,"xB4",NA,NA,NA,NA,"Ancistropsylla",NA,NA,NA,NA,NA,NA,NA,NA,NA,NA,NA,NA,NA,NA,NA,NA,"GENUS",NA,NA,NA,NA,"ACCEPTED",NA,NA,NA,NA,NA,"review"
"CoLxAU","xAU",NA,NA,"xA",NA,NA,NA,NA,"Coptopsylloidea",NA,NA,NA,NA,NA,NA,NA,NA,NA,NA,NA,NA,NA,NA,NA,NA,"SUPERFAMILY",NA,NA,NA,NA,"ACCEPTED",NA,NA,NA,NA,NA,"review"
"CoLxAW","xAW",NA,NA,"xAU",NA,NA,NA,NA,"Coptopsyllidae",NA,NA,NA,NA,NA,NA,NA,NA,NA,NA,NA,NA,NA,NA,NA,NA,"FAMILY",NA,NA,NA,NA,"ACCEPTED",NA,NA,NA,NA,NA,"review"
"CoLxAY","xAY",NA,NA,"xAW",NA,NA,NA,NA,"Coptopsylla",NA,NA,NA,NA,NA,NA,NA,NA,NA,NA,NA,NA,NA,NA,NA,NA,"GENUS",NA,NA,NA,NA,"ACCEPTED",NA,NA,NA,NA,NA,"review"
"CoLxQ","xQ",NA,NA,"xA",NA,NA,NA,NA,"Ceratophylloidea",NA,NA,NA,NA,NA,NA,NA,NA,NA,NA,NA,NA,NA,NA,NA,NA,"SUPERFAMILY",NA,NA,NA,NA,"ACCEPTED",NA,NA,NA,NA,NA,"review"
"CoLx84","x84",NA,NA,"xQ",NA,NA,NA,NA,"Xiphiopsyllidae",NA,NA,NA,NA,NA,NA,NA,NA,NA,NA,NA,NA,NA,NA,NA,NA,"FAMILY",NA,NA,NA,NA,"ACCEPTED",NA,NA,NA,NA,NA,"review"
"CoLx86","x86",NA,NA,"x84",NA,NA,NA,NA,"Xiphiopsylla",NA,NA,NA,NA,NA,NA,NA,NA,NA,NA,NA,NA,NA,NA,NA,NA,"GENUS",NA,NA,NA,NA,"ACCEPTED",NA,NA,NA,NA,NA,"review"
"CoLxS","xS",NA,NA,"xQ",NA,NA,NA,NA,"Leptopsyllidae",NA,NA,NA,NA,NA,NA,NA,NA,NA,NA,NA,NA,NA,NA,NA,NA,"FAMILY",NA,NA,NA,NA,"ACCEPTED",NA,NA,NA,NA,NA,"review"
"CoLx7A","x7A",NA,NA,"xS",NA,NA,NA,NA,"Paradoxopsyllus",NA,NA,NA,NA,NA,NA,NA,NA,NA,NA,NA,NA,NA,NA,NA,NA,"GENUS",NA,NA,NA,NA,"ACCEPTED",NA,NA,NA,NA,NA,"review"
"CoLx7L","x7L",NA,NA,"xS",NA,NA,NA,NA,"Hopkinsipsylla",NA,NA,NA,NA,NA,NA,NA,NA,NA,NA,NA,NA,NA,NA,NA,NA,"GENUS",NA,NA,NA,NA,"ACCEPTED",NA,NA,NA,NA,NA,"review"
"CoLx76","x76",NA,NA,"xS",NA,NA,NA,NA,"Phaenopsylla",NA,NA,NA,NA,NA,NA,NA,NA,NA,NA,NA,NA,NA,NA,NA,NA,"GENUS",NA,NA,NA,NA,"ACCEPTED",NA,NA,NA,NA,NA,"review"
"CoLx78","x78",NA,NA,"xS",NA,NA,NA,NA,"Dolichopsyllus",NA,NA,NA,NA,NA,NA,NA,NA,NA,NA,NA,NA,NA,NA,NA,NA,"GENUS",NA,NA,NA,NA,"ACCEPTED",NA,NA,NA,NA,NA,"review"
"CoLx7C","x7C",NA,NA,"xS",NA,NA,NA,NA,"Ophthalmopsylla",NA,NA,NA,NA,NA,NA,NA,NA,NA,NA,NA,NA,NA,NA,NA,NA,"GENUS",NA,NA,NA,NA,"ACCEPTED",NA,NA,NA,NA,NA,"review"
"CoLx7J","x7J",NA,NA,"xS",NA,NA,NA,NA,"Minyctenopsyllus",NA,NA,NA,NA,NA,NA,NA,NA,NA,NA,NA,NA,NA,NA,NA,NA,"GENUS",NA,NA,NA,NA,"ACCEPTED",NA,NA,NA,NA,NA,"review"
"CoLx7E","x7E",NA,NA,"xS",NA,NA,NA,NA,"Odontopsyllus",NA,NA,NA,NA,NA,NA,NA,NA,NA,NA,NA,NA,NA,NA,NA,NA,"GENUS",NA,NA,NA,NA,"ACCEPTED",NA,NA,NA,NA,NA,"review"
"CoLx7G","x7G",NA,NA,"xS",NA,NA,NA,NA,"Ochotonobius",NA,NA,NA,NA,NA,NA,NA,NA,NA,NA,NA,NA,NA,NA,NA,NA,"GENUS",NA,NA,NA,NA,"ACCEPTED",NA,NA,NA,NA,NA,"review"
"CoLx3U","x3U",NA,NA,"xS",NA,NA,NA,NA,"Ornithophaga",NA,NA,NA,NA,NA,NA,NA,NA,NA,NA,NA,NA,NA,NA,NA,NA,"GENUS",NA,NA,NA,NA,"ACCEPTED",NA,NA,NA,NA,NA,"review"
"CoLx3W","x3W",NA,NA,"xS",NA,NA,NA,NA,"Mesopsylla",NA,NA,NA,NA,NA,NA,NA,NA,NA,NA,NA,NA,NA,NA,NA,NA,"GENUS",NA,NA,NA,NA,"ACCEPTED",NA,NA,NA,NA,NA,"review"
"CoLx3L","x3L",NA,NA,"xS",NA,NA,NA,NA,"Calceopsylla",NA,NA,NA,NA,NA,NA,NA,NA,NA,NA,NA,NA,NA,NA,NA,NA,"GENUS",NA,NA,NA,NA,"ACCEPTED",NA,NA,NA,NA,NA,"review"
"CoLx3N","x3N",NA,NA,"xS",NA,NA,NA,NA,"Brachyctenonotus",NA,NA,NA,NA,NA,NA,NA,NA,NA,NA,NA,NA,NA,NA,NA,NA,"GENUS",NA,NA,NA,NA,"ACCEPTED",NA,NA,NA,NA,NA,"review"
"CoLx3J","x3J",NA,NA,"xS",NA,NA,NA,NA,"Conothobius",NA,NA,NA,NA,NA,NA,NA,NA,NA,NA,NA,NA,NA,NA,NA,NA,"GENUS",NA,NA,NA,NA,"ACCEPTED",NA,NA,NA,NA,NA,"review"
"CoLx3S","x3S",NA,NA,"xS",NA,NA,NA,NA,"Typhlomyopsyllus",NA,NA,NA,NA,NA,NA,NA,NA,NA,NA,NA,NA,NA,NA,NA,NA,"GENUS",NA,NA,NA,NA,"ACCEPTED",NA,NA,NA,NA,NA,"review"
"CoLx3Q","x3Q",NA,NA,"xS",NA,NA,NA,NA,"Aconothobius",NA,NA,NA,NA,NA,NA,NA,NA,NA,NA,NA,NA,NA,NA,NA,NA,"GENUS",NA,NA,NA,NA,"ACCEPTED",NA,NA,NA,NA,NA,"review"
"CoLx3E","x3E",NA,NA,"xS",NA,NA,NA,NA,"Ctenophyllus",NA,NA,NA,NA,NA,NA,NA,NA,NA,NA,NA,NA,NA,NA,NA,NA,"GENUS",NA,NA,NA,NA,"ACCEPTED",NA,NA,NA,NA,NA,"review"
"CoLx3G","x3G",NA,NA,"xS",NA,NA,NA,NA,"Chinghaipsylla",NA,NA,NA,NA,NA,NA,NA,NA,NA,NA,NA,NA,NA,NA,NA,NA,"GENUS",NA,NA,NA,NA,"ACCEPTED",NA,NA,NA,NA,NA,"review"
"CoLx3C","x3C",NA,NA,"xS",NA,NA,NA,NA,"Pectinoctenus",NA,NA,NA,NA,NA,NA,NA,NA,NA,NA,NA,NA,NA,NA,NA,NA,"GENUS",NA,NA,NA,NA,"ACCEPTED",NA,NA,NA,NA,NA,"review"
"CoLx38","x38",NA,NA,"xS",NA,NA,NA,NA,"Amphipsylla",NA,NA,NA,NA,NA,NA,NA,NA,NA,NA,NA,NA,NA,NA,NA,NA,"GENUS",NA,NA,NA,NA,"ACCEPTED",NA,NA,NA,NA,NA,"review"
"CoLx3A","x3A",NA,NA,"xS",NA,NA,NA,NA,"Paractenopsyllus",NA,NA,NA,NA,NA,NA,NA,NA,NA,NA,NA,NA,NA,NA,NA,NA,"GENUS",NA,NA,NA,NA,"ACCEPTED",NA,NA,NA,NA,NA,"review"
"CoLx32","x32",NA,NA,"xS",NA,NA,NA,NA,"Leptopsylla",NA,NA,NA,NA,NA,NA,NA,NA,NA,NA,NA,NA,NA,NA,NA,NA,"GENUS",NA,NA,NA,NA,"ACCEPTED",NA,NA,NA,NA,NA,"review"
"CoLx34","x34",NA,NA,"xS",NA,NA,NA,NA,"Cratynius",NA,NA,NA,NA,NA,NA,NA,NA,NA,NA,NA,NA,NA,NA,NA,NA,"GENUS",NA,NA,NA,NA,"ACCEPTED",NA,NA,NA,NA,NA,"review"
"CoLx36","x36",NA,NA,"xS",NA,NA,NA,NA,"Caenopsylla",NA,NA,NA,NA,NA,NA,NA,NA,NA,NA,NA,NA,NA,NA,NA,NA,"GENUS",NA,NA,NA,NA,"ACCEPTED",NA,NA,NA,NA,NA,"review"
"CoLxY","xY",NA,NA,"xS",NA,NA,NA,NA,"Frontopsylla",NA,NA,NA,NA,NA,NA,NA,NA,NA,NA,NA,NA,NA,NA,NA,NA,"GENUS",NA,NA,NA,NA,"ACCEPTED",NA,NA,NA,NA,NA,"review"
"CoLxGU","xGU",NA,NA,"x5G",NA,NA,NA,NA,"Aetheca",NA,NA,NA,NA,NA,NA,NA,NA,NA,NA,NA,NA,NA,NA,NA,NA,"GENUS",NA,NA,NA,NA,"ACCEPTED",NA,NA,NA,NA,NA,"review"
"CoLxW","xW",NA,NA,"xS",NA,NA,NA,NA,"Geusibia",NA,NA,NA,NA,NA,NA,NA,NA,NA,NA,NA,NA,NA,NA,NA,NA,"GENUS",NA,NA,NA,NA,"ACCEPTED",NA,NA,NA,NA,NA,"review"
"CoLxU","xU",NA,NA,"xS",NA,NA,NA,NA,"Acropsylla",NA,NA,NA,NA,NA,NA,NA,NA,NA,NA,NA,NA,NA,NA,NA,NA,"GENUS",NA,NA,NA,NA,"ACCEPTED",NA,NA,NA,NA,NA,"review"
"CoLx46","x46",NA,NA,"xS",NA,NA,NA,NA,"Peromyscopsylla",NA,NA,NA,NA,NA,NA,NA,NA,NA,NA,NA,NA,NA,NA,NA,NA,"GENUS",NA,NA,NA,NA,"ACCEPTED",NA,NA,NA,NA,NA,"review"
"CoLx3Y","x3Y",NA,NA,"xS",NA,NA,NA,NA,"Desertopsylla",NA,NA,NA,NA,NA,NA,NA,NA,NA,NA,NA,NA,NA,NA,NA,NA,"GENUS",NA,NA,NA,NA,"ACCEPTED",NA,NA,NA,NA,NA,"review"
"CoLx42","x42",NA,NA,"xS",NA,NA,NA,NA,"Sigmactenus",NA,NA,NA,NA,NA,NA,NA,NA,NA,NA,NA,NA,NA,NA,NA,NA,"GENUS",NA,NA,NA,NA,"ACCEPTED",NA,NA,NA,NA,NA,"review"
"CoLx44","x44",NA,NA,"xS",NA,NA,NA,NA,"Tsaractenus",NA,NA,NA,NA,NA,NA,NA,NA,NA,NA,NA,NA,NA,NA,NA,NA,"GENUS",NA,NA,NA,NA,"ACCEPTED",NA,NA,NA,NA,NA,"review"
"CoLx5G","x5G",NA,NA,"xQ",NA,NA,NA,NA,"Ceratophyllidae",NA,NA,NA,NA,NA,NA,NA,NA,NA,NA,NA,NA,NA,NA,NA,NA,"FAMILY",NA,NA,NA,NA,"ACCEPTED",NA,NA,NA,NA,NA,"review"
"CoLxJJ","xJJ",NA,NA,"x5G",NA,NA,NA,NA,"Opisodasys",NA,NA,NA,NA,NA,NA,NA,NA,NA,NA,NA,NA,NA,NA,NA,NA,"GENUS",NA,NA,NA,NA,"ACCEPTED",NA,NA,NA,NA,NA,"review"
"CoLxJN","xJN",NA,NA,"x5G",NA,NA,NA,NA,"Pleochaetis",NA,NA,NA,NA,NA,NA,NA,NA,NA,NA,NA,NA,NA,NA,NA,NA,"GENUS",NA,NA,NA,NA,"ACCEPTED",NA,NA,NA,NA,NA,"review"
"CoLxJL","xJL",NA,NA,"x5G",NA,NA,NA,NA,"Paramonopsyllus",NA,NA,NA,NA,NA,NA,NA,NA,NA,NA,NA,NA,NA,NA,NA,NA,"GENUS",NA,NA,NA,NA,"ACCEPTED",NA,NA,NA,NA,NA,"review"
"CoLxJQ","xJQ",NA,NA,"x5G",NA,NA,NA,NA,"Plusaetis",NA,NA,NA,NA,NA,NA,NA,NA,NA,NA,NA,NA,NA,NA,NA,NA,"GENUS",NA,NA,NA,NA,"ACCEPTED",NA,NA,NA,NA,NA,"review"
"CoLxJS","xJS",NA,NA,"x5G",NA,NA,NA,NA,"Rowleyella",NA,NA,NA,NA,NA,NA,NA,NA,NA,NA,NA,NA,NA,NA,NA,NA,"GENUS",NA,NA,NA,NA,"ACCEPTED",NA,NA,NA,NA,NA,"review"
"CoLxJU","xJU",NA,NA,"x5G",NA,NA,NA,NA,"Rostropsylla",NA,NA,NA,NA,NA,NA,NA,NA,NA,NA,NA,NA,NA,NA,NA,NA,"GENUS",NA,NA,NA,NA,"ACCEPTED",NA,NA,NA,NA,NA,"review"
"CoLxJW","xJW",NA,NA,"x5G",NA,NA,NA,NA,"Smitipsylla",NA,NA,NA,NA,NA,NA,NA,NA,NA,NA,NA,NA,NA,NA,NA,NA,"GENUS",NA,NA,NA,NA,"ACCEPTED",NA,NA,NA,NA,NA,"review"
"CoLxK2","xK2",NA,NA,"x5G",NA,NA,NA,NA,"Syngenopsyllus",NA,NA,NA,NA,NA,NA,NA,NA,NA,NA,NA,NA,NA,NA,NA,NA,"GENUS",NA,NA,NA,NA,"ACCEPTED",NA,NA,NA,NA,NA,"review"
"CoLxJY","xJY",NA,NA,"x5G",NA,NA,NA,NA,"Spuropsylla",NA,NA,NA,NA,NA,NA,NA,NA,NA,NA,NA,NA,NA,NA,NA,NA,"GENUS",NA,NA,NA,NA,"ACCEPTED",NA,NA,NA,NA,NA,"review"
"CoLxK4","xK4",NA,NA,"x5G",NA,NA,NA,NA,"Tarsopsylla",NA,NA,NA,NA,NA,NA,NA,NA,NA,NA,NA,NA,NA,NA,NA,NA,"GENUS",NA,NA,NA,NA,"ACCEPTED",NA,NA,NA,NA,NA,"review"
"CoLxGW","xGW",NA,NA,"x5G",NA,NA,NA,NA,"Amalaraeus",NA,NA,NA,NA,NA,NA,NA,NA,NA,NA,NA,NA,NA,NA,NA,NA,"GENUS",NA,NA,NA,NA,"ACCEPTED",NA,NA,NA,NA,NA,"review"
"CoLxGS","xGS",NA,NA,"x5G",NA,NA,NA,NA,"Aenigmopsylla",NA,NA,NA,NA,NA,NA,NA,NA,NA,NA,NA,NA,NA,NA,NA,NA,"GENUS",NA,NA,NA,NA,"ACCEPTED",NA,NA,NA,NA,NA,"review"
"CoLxHC","xHC",NA,NA,"x5G",NA,NA,NA,NA,"Thrassis",NA,NA,NA,NA,NA,NA,NA,NA,NA,NA,NA,NA,NA,NA,NA,NA,"GENUS",NA,NA,NA,NA,"ACCEPTED",NA,NA,NA,NA,NA,"review"
"CoLxHE","xHE",NA,NA,"x5G",NA,NA,NA,NA,"Traubella",NA,NA,NA,NA,NA,NA,NA,NA,NA,NA,NA,NA,NA,NA,NA,NA,"GENUS",NA,NA,NA,NA,"ACCEPTED",NA,NA,NA,NA,NA,"review"
"CoLxHG","xHG",NA,NA,"x5G",NA,NA,NA,NA,"Dactylopsylla",NA,NA,NA,NA,NA,NA,NA,NA,NA,NA,NA,NA,NA,NA,NA,NA,"GENUS",NA,NA,NA,NA,"ACCEPTED",NA,NA,NA,NA,NA,"review"
"CoLxHJ","xHJ",NA,NA,"x5G",NA,NA,NA,NA,"Foxella",NA,NA,NA,NA,NA,NA,NA,NA,NA,NA,NA,NA,NA,NA,NA,NA,"GENUS",NA,NA,NA,NA,"ACCEPTED",NA,NA,NA,NA,NA,"review"
"CoLxH8","xH8",NA,NA,"x5G",NA,NA,NA,NA,"Oropsylla",NA,NA,NA,NA,NA,NA,NA,NA,NA,NA,NA,NA,NA,NA,NA,NA,"GENUS",NA,NA,NA,NA,"ACCEPTED",NA,NA,NA,NA,NA,"review"
"CoLxHA","xHA",NA,NA,"x5G",NA,NA,NA,NA,"Paraceras",NA,NA,NA,NA,NA,NA,NA,NA,NA,NA,NA,NA,NA,NA,NA,NA,"GENUS",NA,NA,NA,NA,"ACCEPTED",NA,NA,NA,NA,NA,"review"
"CoLxGY","xGY",NA,NA,"x5G",NA,NA,NA,NA,"Amaradix",NA,NA,NA,NA,NA,NA,NA,NA,NA,NA,NA,NA,NA,NA,NA,NA,"GENUS",NA,NA,NA,NA,"ACCEPTED",NA,NA,NA,NA,NA,"review"
"CoLxH2","xH2",NA,NA,"x5G",NA,NA,NA,NA,"Baculomeris",NA,NA,NA,NA,NA,NA,NA,NA,NA,NA,NA,NA,NA,NA,NA,NA,"GENUS",NA,NA,NA,NA,"ACCEPTED",NA,NA,NA,NA,NA,"review"
"CoLxH4","xH4",NA,NA,"x5G",NA,NA,NA,NA,"Brevictenidia",NA,NA,NA,NA,NA,NA,NA,NA,NA,NA,NA,NA,NA,NA,NA,NA,"GENUS",NA,NA,NA,NA,"ACCEPTED",NA,NA,NA,NA,NA,"review"
"CoLxH6","xH6",NA,NA,"x5G",NA,NA,NA,NA,"Callopsylla",NA,NA,NA,NA,NA,NA,NA,NA,NA,NA,NA,NA,NA,NA,NA,NA,"GENUS",NA,NA,NA,NA,"ACCEPTED",NA,NA,NA,NA,NA,"review"
"CoLxJ2","xJ2",NA,NA,"x5G",NA,NA,NA,NA,"Kohlsia",NA,NA,NA,NA,NA,NA,NA,NA,NA,NA,NA,NA,NA,NA,NA,NA,"GENUS",NA,NA,NA,NA,"ACCEPTED",NA,NA,NA,NA,NA,"review"
"CoLxHY","xHY",NA,NA,"x5G",NA,NA,NA,NA,"Igioffius",NA,NA,NA,NA,NA,NA,NA,NA,NA,NA,NA,NA,NA,NA,NA,NA,"GENUS",NA,NA,NA,NA,"ACCEPTED",NA,NA,NA,NA,NA,"review"
"CoLxHU","xHU",NA,NA,"x5G",NA,NA,NA,NA,"Glaciopsyllus",NA,NA,NA,NA,NA,NA,NA,NA,NA,NA,NA,NA,NA,NA,NA,NA,"GENUS",NA,NA,NA,NA,"ACCEPTED",NA,NA,NA,NA,NA,"review"
"CoLxHW","xHW",NA,NA,"x5G",NA,NA,NA,NA,"Hollandipsylla",NA,NA,NA,NA,NA,NA,NA,NA,NA,NA,NA,NA,NA,NA,NA,NA,"GENUS",NA,NA,NA,NA,"ACCEPTED",NA,NA,NA,NA,NA,"review"
"CoLxHS","xHS",NA,NA,"x5G",NA,NA,NA,NA,"Eumolpianus",NA,NA,NA,NA,NA,NA,NA,NA,NA,NA,NA,NA,NA,NA,NA,NA,"GENUS",NA,NA,NA,NA,"ACCEPTED",NA,NA,NA,NA,NA,"review"
"CoLxHQ","xHQ",NA,NA,"x5G",NA,NA,NA,NA,"Dasypsyllus",NA,NA,NA,NA,NA,NA,NA,NA,NA,NA,NA,NA,NA,NA,NA,NA,"GENUS",NA,NA,NA,NA,"ACCEPTED",NA,NA,NA,NA,NA,"review"
"CoLxHN","xHN",NA,NA,"x5G",NA,NA,NA,NA,"Citellophilus",NA,NA,NA,NA,NA,NA,NA,NA,NA,NA,NA,NA,NA,NA,NA,NA,"GENUS",NA,NA,NA,NA,"ACCEPTED",NA,NA,NA,NA,NA,"review"
"CoLxHL","xHL",NA,NA,"x5G",NA,NA,NA,NA,"Spicata",NA,NA,NA,NA,NA,NA,NA,NA,NA,NA,NA,NA,NA,NA,NA,NA,"GENUS",NA,NA,NA,NA,"ACCEPTED",NA,NA,NA,NA,NA,"review"
"CoLxJE","xJE",NA,NA,"x5G",NA,NA,NA,NA,"Mioctenopsylla",NA,NA,NA,NA,NA,NA,NA,NA,NA,NA,NA,NA,NA,NA,NA,NA,"GENUS",NA,NA,NA,NA,"ACCEPTED",NA,NA,NA,NA,NA,"review"
"CoLxJC","xJC",NA,NA,"x5G",NA,NA,NA,NA,"Megathoracipsylla",NA,NA,NA,NA,NA,NA,NA,NA,NA,NA,NA,NA,NA,NA,NA,NA,"GENUS",NA,NA,NA,NA,"ACCEPTED",NA,NA,NA,NA,NA,"review"
"CoLxJG","xJG",NA,NA,"x5G",NA,NA,NA,NA,"Myoxopsylla",NA,NA,NA,NA,NA,NA,NA,NA,NA,NA,NA,NA,NA,NA,NA,NA,"GENUS",NA,NA,NA,NA,"ACCEPTED",NA,NA,NA,NA,NA,"review"
"CoLxJ6","xJ6",NA,NA,"x5G",NA,NA,NA,NA,"Malaraeus",NA,NA,NA,NA,NA,NA,NA,NA,NA,NA,NA,NA,NA,NA,NA,NA,"GENUS",NA,NA,NA,NA,"ACCEPTED",NA,NA,NA,NA,NA,"review"
"CoLxJA","xJA",NA,NA,"x5G",NA,NA,NA,NA,"Megabothris",NA,NA,NA,NA,NA,NA,NA,NA,NA,NA,NA,NA,NA,NA,NA,NA,"GENUS",NA,NA,NA,NA,"ACCEPTED",NA,NA,NA,NA,NA,"review"
"CoLxJ8","xJ8",NA,NA,"x5G",NA,NA,NA,NA,"Margopsylla",NA,NA,NA,NA,NA,NA,NA,NA,NA,NA,NA,NA,NA,NA,NA,NA,"GENUS",NA,NA,NA,NA,"ACCEPTED",NA,NA,NA,NA,NA,"review"
"CoLxJ4","xJ4",NA,NA,"x5G",NA,NA,NA,NA,"Libyastus",NA,NA,NA,NA,NA,NA,NA,NA,NA,NA,NA,NA,NA,NA,NA,NA,"GENUS",NA,NA,NA,NA,"ACCEPTED",NA,NA,NA,NA,NA,"review"
"CoLx7Y","x7Y",NA,NA,"x5G",NA,NA,NA,NA,"Jellisonia",NA,NA,NA,NA,NA,NA,NA,NA,NA,NA,NA,NA,NA,NA,NA,NA,"GENUS",NA,NA,NA,NA,"ACCEPTED",NA,NA,NA,NA,NA,"review"
"CoLx6G","x6G",NA,NA,"x5G",NA,NA,NA,NA,"Ceratophyllus",NA,NA,NA,NA,NA,NA,NA,NA,NA,NA,NA,NA,NA,NA,NA,NA,"GENUS",NA,NA,NA,NA,"ACCEPTED",NA,NA,NA,NA,NA,"review"
"CoLx5S","x5S",NA,NA,"x5G",NA,NA,NA,NA,"Macrostylophora",NA,NA,NA,NA,NA,NA,NA,NA,NA,NA,NA,NA,NA,NA,NA,NA,"GENUS",NA,NA,NA,NA,"ACCEPTED",NA,NA,NA,NA,NA,"review"
"CoLx5Y","x5Y",NA,NA,"x5G",NA,NA,NA,NA,"Nosopsyllus",NA,NA,NA,NA,NA,NA,NA,NA,NA,NA,NA,NA,NA,NA,NA,NA,"GENUS",NA,NA,NA,NA,"ACCEPTED",NA,NA,NA,NA,NA,"review"
"CoLx64","x64",NA,NA,"x5G",NA,NA,NA,NA,"Orchopeas",NA,NA,NA,NA,NA,NA,NA,NA,NA,NA,NA,NA,NA,NA,NA,NA,"GENUS",NA,NA,NA,NA,"ACCEPTED",NA,NA,NA,NA,NA,"review"
"CoLx5J","x5J",NA,NA,"x5G",NA,NA,NA,NA,"Monopsyllus",NA,NA,NA,NA,NA,NA,NA,NA,NA,NA,NA,NA,NA,NA,NA,NA,"GENUS",NA,NA,NA,NA,"ACCEPTED",NA,NA,NA,NA,NA,"review"
"CoLx5L","x5L",NA,NA,"x5G",NA,NA,NA,NA,"Amphalius",NA,NA,NA,NA,NA,NA,NA,NA,NA,NA,NA,NA,NA,NA,NA,NA,"GENUS",NA,NA,NA,NA,"ACCEPTED",NA,NA,NA,NA,NA,"review"
"CoLx48","x48",NA,NA,"xQ",NA,NA,NA,NA,"Ischnopsyllidae",NA,NA,NA,NA,NA,NA,NA,NA,NA,NA,NA,NA,NA,NA,NA,NA,"FAMILY",NA,NA,NA,NA,"ACCEPTED",NA,NA,NA,NA,NA,"review"
"CoLx8G","x8G",NA,NA,"x48",NA,NA,NA,NA,"Sternopsylla",NA,NA,NA,NA,NA,NA,NA,NA,NA,NA,NA,NA,NA,NA,NA,NA,"GENUS",NA,NA,NA,NA,"ACCEPTED",NA,NA,NA,NA,NA,"review"
"CoLx8E","x8E",NA,NA,"x48",NA,NA,NA,NA,"Coorilla",NA,NA,NA,NA,NA,NA,NA,NA,NA,NA,NA,NA,NA,NA,NA,NA,"GENUS",NA,NA,NA,NA,"ACCEPTED",NA,NA,NA,NA,NA,"review"
"CoLx8C","x8C",NA,NA,"x48",NA,NA,NA,NA,"Porribius",NA,NA,NA,NA,NA,NA,NA,NA,NA,NA,NA,NA,NA,NA,NA,NA,"GENUS",NA,NA,NA,NA,"ACCEPTED",NA,NA,NA,NA,NA,"review"
"CoLx8A","x8A",NA,NA,"x48",NA,NA,NA,NA,"Serendipsylla",NA,NA,NA,NA,NA,NA,NA,NA,NA,NA,NA,NA,NA,NA,NA,NA,"GENUS",NA,NA,NA,NA,"ACCEPTED",NA,NA,NA,NA,NA,"review"
"CoLx88","x88",NA,NA,"x48",NA,NA,NA,NA,"Thaumapsylla",NA,NA,NA,NA,NA,NA,NA,NA,NA,NA,NA,NA,NA,NA,NA,NA,"GENUS",NA,NA,NA,NA,"ACCEPTED",NA,NA,NA,NA,NA,"review"
"CoLx74","x74",NA,NA,"x48",NA,NA,NA,NA,"Chiropteropsylla",NA,NA,NA,NA,NA,NA,NA,NA,NA,NA,NA,NA,NA,NA,NA,NA,"GENUS",NA,NA,NA,NA,"ACCEPTED",NA,NA,NA,NA,NA,"review"
"CoLx7S","x7S",NA,NA,"x48",NA,NA,NA,NA,"Mitchella",NA,NA,NA,NA,NA,NA,NA,NA,NA,NA,NA,NA,NA,NA,NA,NA,"GENUS",NA,NA,NA,NA,"ACCEPTED",NA,NA,NA,NA,NA,"review"
"CoLx7N","x7N",NA,NA,"x48",NA,NA,NA,NA,"Oxyparius",NA,NA,NA,NA,NA,NA,NA,NA,NA,NA,NA,NA,NA,NA,NA,NA,"GENUS",NA,NA,NA,NA,"ACCEPTED",NA,NA,NA,NA,NA,"review"
"CoLx7Q","x7Q",NA,NA,"x48",NA,NA,NA,NA,"Myodopsylla",NA,NA,NA,NA,NA,NA,NA,NA,NA,NA,NA,NA,NA,NA,NA,NA,"GENUS",NA,NA,NA,NA,"ACCEPTED",NA,NA,NA,NA,NA,"review"
"CoLx6W","x6W",NA,NA,"x48",NA,NA,NA,NA,"Dampfia",NA,NA,NA,NA,NA,NA,NA,NA,NA,NA,NA,NA,NA,NA,NA,NA,"GENUS",NA,NA,NA,NA,"ACCEPTED",NA,NA,NA,NA,NA,"review"
"CoLx6Y","x6Y",NA,NA,"x48",NA,NA,NA,NA,"Araeopsylla",NA,NA,NA,NA,NA,NA,NA,NA,NA,NA,NA,NA,NA,NA,NA,NA,"GENUS",NA,NA,NA,NA,"ACCEPTED",NA,NA,NA,NA,NA,"review"
"CoLx72","x72",NA,NA,"x48",NA,NA,NA,NA,"Allopsylla",NA,NA,NA,NA,NA,NA,NA,NA,NA,NA,NA,NA,NA,NA,NA,NA,"GENUS",NA,NA,NA,NA,"ACCEPTED",NA,NA,NA,NA,NA,"review"
"CoLx6U","x6U",NA,NA,"x48",NA,NA,NA,NA,"Ischnopsyllus",NA,NA,NA,NA,NA,NA,NA,NA,NA,NA,NA,NA,NA,NA,NA,NA,"GENUS",NA,NA,NA,NA,"ACCEPTED",NA,NA,NA,NA,NA,"review"
"CoLx6L","x6L",NA,NA,"x48",NA,NA,NA,NA,"Rothschildopsylla",NA,NA,NA,NA,NA,NA,NA,NA,NA,NA,NA,NA,NA,NA,NA,NA,"GENUS",NA,NA,NA,NA,"ACCEPTED",NA,NA,NA,NA,NA,"review"
"CoLx6N","x6N",NA,NA,"x48",NA,NA,NA,NA,"Ptilopsylla",NA,NA,NA,NA,NA,NA,NA,NA,NA,NA,NA,NA,NA,NA,NA,NA,"GENUS",NA,NA,NA,NA,"ACCEPTED",NA,NA,NA,NA,NA,"review"
"CoLx6Q","x6Q",NA,NA,"x48",NA,NA,NA,NA,"Hormopsylla",NA,NA,NA,NA,NA,NA,NA,NA,NA,NA,NA,NA,NA,NA,NA,NA,"GENUS",NA,NA,NA,NA,"ACCEPTED",NA,NA,NA,NA,NA,"review"
"CoLx6S","x6S",NA,NA,"x48",NA,NA,NA,NA,"Alectopsylla",NA,NA,NA,NA,NA,NA,NA,NA,NA,NA,NA,NA,NA,NA,NA,NA,"GENUS",NA,NA,NA,NA,"ACCEPTED",NA,NA,NA,NA,NA,"review"
"CoLx56","x56",NA,NA,"x48",NA,NA,NA,NA,"Lagaropsylla",NA,NA,NA,NA,NA,NA,NA,NA,NA,NA,NA,NA,NA,NA,NA,NA,"GENUS",NA,NA,NA,NA,"ACCEPTED",NA,NA,NA,NA,NA,"review"
"CoLx4A","x4A",NA,NA,"x48",NA,NA,NA,NA,"Nycteridopsylla",NA,NA,NA,NA,NA,NA,NA,NA,NA,NA,NA,NA,NA,NA,NA,NA,"GENUS",NA,NA,NA,NA,"ACCEPTED",NA,NA,NA,NA,NA,"review"
"CoLx4C","x4C",NA,NA,"x48",NA,NA,NA,NA,"Rhinolophopsylla",NA,NA,NA,NA,NA,NA,NA,NA,NA,NA,NA,NA,NA,NA,NA,NA,"GENUS",NA,NA,NA,NA,"ACCEPTED",NA,NA,NA,NA,NA,"review"
"CoLxJ","xJ",NA,NA,"xA",NA,NA,NA,NA,"Pygiopsylloidea",NA,NA,NA,NA,NA,NA,NA,NA,NA,NA,NA,NA,NA,NA,NA,NA,"SUPERFAMILY",NA,NA,NA,NA,"ACCEPTED",NA,NA,NA,NA,NA,"review"
"CoLxBJ","xBJ",NA,NA,"xJ",NA,NA,NA,NA,"Pygiopsyllidae",NA,NA,NA,NA,NA,NA,NA,NA,NA,NA,NA,NA,NA,NA,NA,NA,"FAMILY",NA,NA,NA,NA,"ACCEPTED",NA,NA,NA,NA,NA,"review"
"CoLxBL","xBL",NA,NA,"xBJ",NA,NA,NA,NA,"Acanthopsylla",NA,NA,NA,NA,NA,NA,NA,NA,NA,NA,NA,NA,NA,NA,NA,NA,"GENUS",NA,NA,NA,NA,"ACCEPTED",NA,NA,NA,NA,NA,"review"
"CoLx8U","x8U",NA,NA,"xE",NA,NA,NA,NA,"Nesolagobius",NA,NA,NA,NA,NA,NA,NA,NA,NA,NA,NA,NA,NA,NA,NA,NA,"GENUS",NA,NA,NA,NA,"ACCEPTED",NA,NA,NA,NA,NA,"review"
"CoLxC6","xC6",NA,NA,"xBJ",NA,NA,NA,NA,"Wurunjerria",NA,NA,NA,NA,NA,NA,NA,NA,NA,NA,NA,NA,NA,NA,NA,NA,"GENUS",NA,NA,NA,NA,"ACCEPTED",NA,NA,NA,NA,NA,"review"
"CoLxC2","xC2",NA,NA,"xBJ",NA,NA,NA,NA,"Pagipsylla",NA,NA,NA,NA,NA,NA,NA,NA,NA,NA,NA,NA,NA,NA,NA,NA,"GENUS",NA,NA,NA,NA,"ACCEPTED",NA,NA,NA,NA,NA,"review"
"CoLxC4","xC4",NA,NA,"xBJ",NA,NA,NA,NA,"Pygiopsylla",NA,NA,NA,NA,NA,NA,NA,NA,NA,NA,NA,NA,NA,NA,NA,NA,"GENUS",NA,NA,NA,NA,"ACCEPTED",NA,NA,NA,NA,NA,"review"
"CoLxBY","xBY",NA,NA,"xBJ",NA,NA,NA,NA,"Notiopsylla",NA,NA,NA,NA,NA,NA,NA,NA,NA,NA,NA,NA,NA,NA,NA,NA,"GENUS",NA,NA,NA,NA,"ACCEPTED",NA,NA,NA,NA,NA,"review"
"CoLxBW","xBW",NA,NA,"xBJ",NA,NA,NA,NA,"Hoogstraalia",NA,NA,NA,NA,NA,NA,NA,NA,NA,NA,NA,NA,NA,NA,NA,NA,"GENUS",NA,NA,NA,NA,"ACCEPTED",NA,NA,NA,NA,NA,"review"
"CoLxBU","xBU",NA,NA,"xBJ",NA,NA,NA,NA,"Geohollandia",NA,NA,NA,NA,NA,NA,NA,NA,NA,NA,NA,NA,NA,NA,NA,NA,"GENUS",NA,NA,NA,NA,"ACCEPTED",NA,NA,NA,NA,NA,"review"
"CoLxBS","xBS",NA,NA,"xBJ",NA,NA,NA,NA,"Ctenidiosomus",NA,NA,NA,NA,NA,NA,NA,NA,NA,NA,NA,NA,NA,NA,NA,NA,"GENUS",NA,NA,NA,NA,"ACCEPTED",NA,NA,NA,NA,NA,"review"
"CoLxBQ","xBQ",NA,NA,"xBJ",NA,NA,NA,NA,"Bibikovana",NA,NA,NA,NA,NA,NA,NA,NA,NA,NA,NA,NA,NA,NA,NA,NA,"GENUS",NA,NA,NA,NA,"ACCEPTED",NA,NA,NA,NA,NA,"review"
"CoLxBN","xBN",NA,NA,"xBJ",NA,NA,NA,NA,"Austropsylla",NA,NA,NA,NA,NA,NA,NA,NA,NA,NA,NA,NA,NA,NA,NA,NA,"GENUS",NA,NA,NA,NA,"ACCEPTED",NA,NA,NA,NA,NA,"review"
"CoLxB8","xB8",NA,NA,"xJ",NA,NA,NA,NA,"Lycopsyllidae",NA,NA,NA,NA,NA,NA,NA,NA,NA,NA,NA,NA,NA,NA,NA,NA,"FAMILY",NA,NA,NA,NA,"ACCEPTED",NA,NA,NA,NA,NA,"review"
"CoLxBE","xBE",NA,NA,"xB8",NA,NA,NA,NA,"Lycopsylla",NA,NA,NA,NA,NA,NA,NA,NA,NA,NA,NA,NA,NA,NA,NA,NA,"GENUS",NA,NA,NA,NA,"ACCEPTED",NA,NA,NA,NA,NA,"review"
"CoLxBG","xBG",NA,NA,"xB8",NA,NA,NA,NA,"Uropsylla",NA,NA,NA,NA,NA,NA,NA,NA,NA,NA,NA,NA,NA,NA,NA,NA,"GENUS",NA,NA,NA,NA,"ACCEPTED",NA,NA,NA,NA,NA,"review"
"CoLxBC","xBC",NA,NA,"xB8",NA,NA,NA,NA,"Choristopsylla",NA,NA,NA,NA,NA,NA,NA,NA,NA,NA,NA,NA,NA,NA,NA,NA,"GENUS",NA,NA,NA,NA,"ACCEPTED",NA,NA,NA,NA,NA,"review"
"CoLxBA","xBA",NA,NA,"xB8",NA,NA,NA,NA,"Bradiopsylla",NA,NA,NA,NA,NA,NA,NA,NA,NA,NA,NA,NA,NA,NA,NA,NA,"GENUS",NA,NA,NA,NA,"ACCEPTED",NA,NA,NA,NA,NA,"review"
"CoLxL","xL",NA,NA,"xJ",NA,NA,NA,NA,"Stivaliidae",NA,NA,NA,NA,NA,NA,NA,NA,NA,NA,NA,NA,NA,NA,NA,NA,"FAMILY",NA,NA,NA,NA,"ACCEPTED",NA,NA,NA,NA,NA,"review"
"CoLxE2","xE2",NA,NA,"xL",NA,NA,NA,NA,"Tiflovia",NA,NA,NA,NA,NA,NA,NA,NA,NA,NA,NA,NA,NA,NA,NA,NA,"GENUS",NA,NA,NA,NA,"ACCEPTED",NA,NA,NA,NA,NA,"review"
"CoLxE4","xE4",NA,NA,"xL",NA,NA,NA,NA,"Traubia",NA,NA,NA,NA,NA,NA,NA,NA,NA,NA,NA,NA,NA,NA,NA,NA,"GENUS",NA,NA,NA,NA,"ACCEPTED",NA,NA,NA,NA,NA,"review"
"CoLxDY","xDY",NA,NA,"xL",NA,NA,NA,NA,"Striopsylla",NA,NA,NA,NA,NA,NA,NA,NA,NA,NA,NA,NA,NA,NA,NA,NA,"GENUS",NA,NA,NA,NA,"ACCEPTED",NA,NA,NA,NA,NA,"review"
"CoLxE6","xE6",NA,NA,"xL",NA,NA,NA,NA,"Zyx",NA,NA,NA,NA,NA,NA,NA,NA,NA,NA,NA,NA,NA,NA,NA,NA,"GENUS",NA,NA,NA,NA,"ACCEPTED",NA,NA,NA,NA,NA,"review"
"CoLxDW","xDW",NA,NA,"xL",NA,NA,NA,NA,"Smitella",NA,NA,NA,NA,NA,NA,NA,NA,NA,NA,NA,NA,NA,NA,NA,NA,"GENUS",NA,NA,NA,NA,"ACCEPTED",NA,NA,NA,NA,NA,"review"
"CoLxDU","xDU",NA,NA,"xL",NA,NA,NA,NA,"Rectidigitus",NA,NA,NA,NA,NA,NA,NA,NA,NA,NA,NA,NA,NA,NA,NA,NA,"GENUS",NA,NA,NA,NA,"ACCEPTED",NA,NA,NA,NA,NA,"review"
"CoLxC8","xC8",NA,NA,"xL",NA,NA,NA,NA,"Afristivalius",NA,NA,NA,NA,NA,NA,NA,NA,NA,NA,NA,NA,NA,NA,NA,NA,"GENUS",NA,NA,NA,NA,"ACCEPTED",NA,NA,NA,NA,NA,"review"
"CoLxCL","xCL",NA,NA,"xL",NA,NA,NA,NA,"Lentistivalius",NA,NA,NA,NA,NA,NA,NA,NA,NA,NA,NA,NA,NA,NA,NA,NA,"GENUS",NA,NA,NA,NA,"ACCEPTED",NA,NA,NA,NA,NA,"review"
"CoLxCN","xCN",NA,NA,"xL",NA,NA,NA,NA,"Medwayella",NA,NA,NA,NA,NA,NA,NA,NA,NA,NA,NA,NA,NA,NA,NA,NA,"GENUS",NA,NA,NA,NA,"ACCEPTED",NA,NA,NA,NA,NA,"review"
"CoLxCQ","xCQ",NA,NA,"xL",NA,NA,NA,NA,"Metastivalius",NA,NA,NA,NA,NA,NA,NA,NA,NA,NA,NA,NA,NA,NA,NA,NA,"GENUS",NA,NA,NA,NA,"ACCEPTED",NA,NA,NA,NA,NA,"review"
"CoLxCA","xCA",NA,NA,"xL",NA,NA,NA,NA,"Astivalius",NA,NA,NA,NA,NA,NA,NA,NA,NA,NA,NA,NA,NA,NA,NA,NA,"GENUS",NA,NA,NA,NA,"ACCEPTED",NA,NA,NA,NA,NA,"review"
"CoLxCC","xCC",NA,NA,"xL",NA,NA,NA,NA,"Aviostivalius",NA,NA,NA,NA,NA,NA,NA,NA,NA,NA,NA,NA,NA,NA,NA,NA,"GENUS",NA,NA,NA,NA,"ACCEPTED",NA,NA,NA,NA,NA,"review"
"CoLxCE","xCE",NA,NA,"xL",NA,NA,NA,NA,"Ernestinia",NA,NA,NA,NA,NA,NA,NA,NA,NA,NA,NA,NA,NA,NA,NA,NA,"GENUS",NA,NA,NA,NA,"ACCEPTED",NA,NA,NA,NA,NA,"review"
"CoLxCG","xCG",NA,NA,"xL",NA,NA,NA,NA,"Gryphopsylla",NA,NA,NA,NA,NA,NA,NA,NA,NA,NA,NA,NA,NA,NA,NA,NA,"GENUS",NA,NA,NA,NA,"ACCEPTED",NA,NA,NA,NA,NA,"review"
"CoLxCJ","xCJ",NA,NA,"xL",NA,NA,NA,NA,"Idiochaetis",NA,NA,NA,NA,NA,NA,NA,NA,NA,NA,NA,NA,NA,NA,NA,NA,"GENUS",NA,NA,NA,NA,"ACCEPTED",NA,NA,NA,NA,NA,"review"
"CoLxD2","xD2",NA,NA,"xL",NA,NA,NA,NA,"Parastivalius",NA,NA,NA,NA,NA,NA,NA,NA,NA,NA,NA,NA,NA,NA,NA,NA,"GENUS",NA,NA,NA,NA,"ACCEPTED",NA,NA,NA,NA,NA,"review"
"CoLxCU","xCU",NA,NA,"xL",NA,NA,NA,NA,"Obtusifrontia",NA,NA,NA,NA,NA,NA,NA,NA,NA,NA,NA,NA,NA,NA,NA,NA,"GENUS",NA,NA,NA,NA,"ACCEPTED",NA,NA,NA,NA,NA,"review"
"CoLxCS","xCS",NA,NA,"xL",NA,NA,NA,NA,"Muesebeckella",NA,NA,NA,NA,NA,NA,NA,NA,NA,NA,NA,NA,NA,NA,NA,NA,"GENUS",NA,NA,NA,NA,"ACCEPTED",NA,NA,NA,NA,NA,"review"
"CoLxCY","xCY",NA,NA,"xL",NA,NA,NA,NA,"Papuapsylla",NA,NA,NA,NA,NA,NA,NA,NA,NA,NA,NA,NA,NA,NA,NA,NA,"GENUS",NA,NA,NA,NA,"ACCEPTED",NA,NA,NA,NA,NA,"review"
"CoLxCW","xCW",NA,NA,"xL",NA,NA,NA,NA,"Orthopsylloides",NA,NA,NA,NA,NA,NA,NA,NA,NA,NA,NA,NA,NA,NA,NA,NA,"GENUS",NA,NA,NA,NA,"ACCEPTED",NA,NA,NA,NA,NA,"review"
"CoLx7W","x7W",NA,NA,"xL",NA,NA,NA,NA,"Nestivalius",NA,NA,NA,NA,NA,NA,NA,NA,NA,NA,NA,NA,NA,NA,NA,NA,"GENUS",NA,NA,NA,NA,"ACCEPTED",NA,NA,NA,NA,NA,"review"
"CoLxN","xN",NA,NA,"xL",NA,NA,NA,NA,"Stivalius",NA,NA,NA,NA,NA,NA,NA,NA,NA,NA,NA,NA,NA,NA,NA,NA,"GENUS",NA,NA,NA,NA,"ACCEPTED",NA,NA,NA,NA,NA,"review"
"CoLx58","x58",NA,NA,"xL",NA,NA,NA,NA,"Farhangia",NA,NA,NA,NA,NA,NA,NA,NA,NA,NA,NA,NA,NA,NA,NA,NA,"GENUS",NA,NA,NA,NA,"ACCEPTED",NA,NA,NA,NA,NA,"review"
"CoLxC","xC",NA,NA,"xA",NA,NA,NA,NA,"Pulicoidea",NA,NA,NA,NA,NA,NA,NA,NA,NA,NA,NA,NA,NA,NA,NA,NA,"SUPERFAMILY",NA,NA,NA,NA,"ACCEPTED",NA,NA,NA,NA,NA,"review"
"CoLx9U","x9U",NA,NA,"xC",NA,NA,NA,NA,"Tungidae",NA,NA,NA,NA,NA,NA,NA,NA,NA,NA,NA,NA,NA,NA,NA,NA,"FAMILY",NA,NA,NA,NA,"ACCEPTED",NA,NA,NA,NA,NA,"review"
"CoLx9W","x9W",NA,NA,"x9U",NA,NA,NA,NA,"Tunga",NA,NA,NA,NA,NA,NA,NA,NA,NA,NA,NA,NA,NA,NA,NA,NA,"GENUS",NA,NA,NA,NA,"ACCEPTED",NA,NA,NA,NA,NA,"review"
"CoLxA2","xA2",NA,NA,"x9U",NA,NA,NA,NA,"Hectopsylla",NA,NA,NA,NA,NA,NA,NA,NA,NA,NA,NA,NA,NA,NA,NA,NA,"GENUS",NA,NA,NA,NA,"ACCEPTED",NA,NA,NA,NA,NA,"review"
"CoLx9Y","x9Y",NA,NA,"x9U",NA,NA,NA,NA,"Neotunga",NA,NA,NA,NA,NA,NA,NA,NA,NA,NA,NA,NA,NA,NA,NA,NA,"GENUS",NA,NA,NA,NA,"ACCEPTED",NA,NA,NA,NA,NA,"review"
"CoLxA4","xA4",NA,NA,"x9U",NA,NA,NA,NA,"Rhynchopsyllus",NA,NA,NA,NA,NA,NA,NA,NA,NA,NA,NA,NA,NA,NA,NA,NA,"GENUS",NA,NA,NA,NA,"ACCEPTED",NA,NA,NA,NA,NA,"review"
"CoLxE","xE",NA,NA,"xC",NA,NA,NA,NA,"Pulicidae",NA,NA,NA,NA,NA,NA,NA,NA,NA,NA,NA,NA,NA,NA,NA,NA,"FAMILY",NA,NA,NA,NA,"ACCEPTED",NA,NA,NA,NA,NA,"review"
"CoLx8W","x8W",NA,NA,"xE",NA,NA,NA,NA,"Moeopsylla",NA,NA,NA,NA,NA,NA,NA,NA,NA,NA,NA,NA,NA,NA,NA,NA,"GENUS",NA,NA,NA,NA,"ACCEPTED",NA,NA,NA,NA,NA,"review"
"CoLx8Q","x8Q",NA,NA,"xE",NA,NA,NA,NA,"Centetipsylla",NA,NA,NA,NA,NA,NA,NA,NA,NA,NA,NA,NA,NA,NA,NA,NA,"GENUS",NA,NA,NA,NA,"ACCEPTED",NA,NA,NA,NA,NA,"review"
"CoLx8S","x8S",NA,NA,"xE",NA,NA,NA,NA,"Ctenocephalides",NA,NA,NA,NA,NA,NA,NA,NA,NA,NA,NA,NA,NA,NA,NA,NA,"GENUS",NA,NA,NA,NA,"ACCEPTED",NA,NA,NA,NA,NA,"review"
"CoLx8L","x8L",NA,NA,"xE",NA,NA,NA,NA,"Aphropsylla",NA,NA,NA,NA,NA,NA,NA,NA,NA,NA,NA,NA,NA,NA,NA,NA,"GENUS",NA,NA,NA,NA,"ACCEPTED",NA,NA,NA,NA,NA,"review"
"CoLx8N","x8N",NA,NA,"xE",NA,NA,NA,NA,"Archaeopsylla",NA,NA,NA,NA,NA,NA,NA,NA,NA,NA,NA,NA,NA,NA,NA,NA,"GENUS",NA,NA,NA,NA,"ACCEPTED",NA,NA,NA,NA,NA,"review"
"CoLx92","x92",NA,NA,"xE",NA,NA,NA,NA,"Pulex",NA,NA,NA,NA,NA,NA,NA,NA,NA,NA,NA,NA,NA,NA,NA,NA,"GENUS",NA,NA,NA,NA,"ACCEPTED",NA,NA,NA,NA,NA,"review"
"CoLx8Y","x8Y",NA,NA,"xE",NA,NA,NA,NA,"Delopsylla",NA,NA,NA,NA,NA,NA,NA,NA,NA,NA,NA,NA,NA,NA,NA,NA,"GENUS",NA,NA,NA,NA,"ACCEPTED",NA,NA,NA,NA,NA,"review"
"CoLx94","x94",NA,NA,"xE",NA,NA,NA,NA,"Actenopsylla",NA,NA,NA,NA,NA,NA,NA,NA,NA,NA,NA,NA,NA,NA,NA,NA,"GENUS",NA,NA,NA,NA,"ACCEPTED",NA,NA,NA,NA,NA,"review"
"CoLx96","x96",NA,NA,"xE",NA,NA,NA,NA,"Cediopsylla",NA,NA,NA,NA,NA,NA,NA,NA,NA,NA,NA,NA,NA,NA,NA,NA,"GENUS",NA,NA,NA,NA,"ACCEPTED",NA,NA,NA,NA,NA,"review"
"CoLx98","x98",NA,NA,"xE",NA,NA,NA,NA,"Euchoplopsyllus",NA,NA,NA,NA,NA,NA,NA,NA,NA,NA,NA,NA,NA,NA,NA,NA,"GENUS",NA,NA,NA,NA,"ACCEPTED",NA,NA,NA,NA,NA,"review"
"CoLx9C","x9C",NA,NA,"xE",NA,NA,NA,NA,"Ornithopsylla",NA,NA,NA,NA,NA,NA,NA,NA,NA,NA,NA,NA,NA,NA,NA,NA,"GENUS",NA,NA,NA,NA,"ACCEPTED",NA,NA,NA,NA,NA,"review"
"CoLx9A","x9A",NA,NA,"xE",NA,NA,NA,NA,"Hoplopsyllus",NA,NA,NA,NA,NA,NA,NA,NA,NA,NA,NA,NA,NA,NA,NA,NA,"GENUS",NA,NA,NA,NA,"ACCEPTED",NA,NA,NA,NA,NA,"review"
"CoLx9G","x9G",NA,NA,"xE",NA,NA,NA,NA,"Parapulex",NA,NA,NA,NA,NA,NA,NA,NA,NA,NA,NA,NA,NA,NA,NA,NA,"GENUS",NA,NA,NA,NA,"ACCEPTED",NA,NA,NA,NA,NA,"review"
"CoLx9E","x9E",NA,NA,"xE",NA,NA,NA,NA,"Spilopsyllus",NA,NA,NA,NA,NA,NA,NA,NA,NA,NA,NA,NA,NA,NA,NA,NA,"GENUS",NA,NA,NA,NA,"ACCEPTED",NA,NA,NA,NA,NA,"review"
"CoLx9L","x9L",NA,NA,"xE",NA,NA,NA,NA,"Procaviopsylla",NA,NA,NA,NA,NA,NA,NA,NA,NA,NA,NA,NA,NA,NA,NA,NA,"GENUS",NA,NA,NA,NA,"ACCEPTED",NA,NA,NA,NA,NA,"review"
"CoLx9J","x9J",NA,NA,"xE",NA,NA,NA,NA,"Pariodontis",NA,NA,NA,NA,NA,NA,NA,NA,NA,NA,NA,NA,NA,NA,NA,NA,"GENUS",NA,NA,NA,NA,"ACCEPTED",NA,NA,NA,NA,NA,"review"
"CoLx9Q","x9Q",NA,NA,"xE",NA,NA,NA,NA,"Synopsyllus",NA,NA,NA,NA,NA,NA,NA,NA,NA,NA,NA,NA,NA,NA,NA,NA,"GENUS",NA,NA,NA,NA,"ACCEPTED",NA,NA,NA,NA,NA,"review"
"CoLx9N","x9N",NA,NA,"xE",NA,NA,NA,NA,"Pulicella",NA,NA,NA,NA,NA,NA,NA,NA,NA,NA,NA,NA,NA,NA,NA,NA,"GENUS",NA,NA,NA,NA,"ACCEPTED",NA,NA,NA,NA,NA,"review"
"CoLx9S","x9S",NA,NA,"xE",NA,NA,NA,NA,"Synosternus",NA,NA,NA,NA,NA,NA,NA,NA,NA,NA,NA,NA,NA,NA,NA,NA,"GENUS",NA,NA,NA,NA,"ACCEPTED",NA,NA,NA,NA,NA,"review"
"CoLxG","xG",NA,NA,"xE",NA,NA,NA,NA,"Xenopsylla",NA,NA,NA,NA,NA,NA,NA,NA,NA,NA,NA,NA,NA,NA,NA,NA,"GENUS",NA,NA,NA,NA,"ACCEPTED",NA,NA,NA,NA,NA,"review"
"CoLx5N","x5N",NA,NA,"xE",NA,NA,NA,NA,"Echidnophaga",NA,NA,NA,NA,NA,NA,NA,NA,NA,NA,NA,NA,NA,NA,NA,NA,"GENUS",NA,NA,NA,NA,"ACCEPTED",NA,NA,NA,NA,NA,"review"
"CoLx66","x66",NA,NA,"xA",NA,NA,NA,NA,"Vermipsylloidea",NA,NA,NA,NA,NA,NA,NA,NA,NA,NA,NA,NA,NA,NA,NA,NA,"SUPERFAMILY",NA,NA,NA,NA,"ACCEPTED",NA,NA,NA,NA,NA,"review"
"CoLx68","x68",NA,NA,"x66",NA,NA,NA,NA,"Vermipsyllidae",NA,NA,NA,NA,NA,NA,NA,NA,NA,NA,NA,NA,NA,NA,NA,NA,"FAMILY",NA,NA,NA,NA,"ACCEPTED",NA,NA,NA,NA,NA,"review"
"CoLxAS","xAS",NA,NA,"x68",NA,NA,NA,NA,"Vermipsylla",NA,NA,NA,NA,NA,NA,NA,NA,NA,NA,NA,NA,NA,NA,NA,NA,"GENUS",NA,NA,NA,NA,"ACCEPTED",NA,NA,NA,NA,NA,"review"
"CoLx82","x82",NA,NA,"x68",NA,NA,NA,NA,"Dorcadia",NA,NA,NA,NA,NA,NA,NA,NA,NA,NA,NA,NA,NA,NA,NA,NA,"GENUS",NA,NA,NA,NA,"ACCEPTED",NA,NA,NA,NA,NA,"review"
"CoLx6A","x6A",NA,NA,"x68",NA,NA,NA,NA,"Chaetopsylla",NA,NA,NA,NA,NA,NA,NA,NA,NA,NA,NA,NA,NA,NA,NA,NA,"GENUS",NA,NA,NA,NA,"ACCEPTED",NA,NA,NA,NA,NA,"review"
"CoLx5A","x5A",NA,NA,"xA",NA,NA,NA,NA,"Macropsylloidea",NA,NA,NA,NA,NA,NA,NA,NA,NA,NA,NA,NA,NA,NA,NA,NA,"SUPERFAMILY",NA,NA,NA,NA,"ACCEPTED",NA,NA,NA,NA,NA,"review"
"CoLx5C","x5C",NA,NA,"x5A",NA,NA,NA,NA,"Macropsyllidae",NA,NA,NA,NA,NA,NA,NA,NA,NA,NA,NA,NA,NA,NA,NA,NA,"FAMILY",NA,NA,NA,NA,"ACCEPTED",NA,NA,NA,NA,NA,"review"
"CoLxG2","xG2",NA,NA,"x5C",NA,NA,NA,NA,"Stephanopsylla",NA,NA,NA,NA,NA,NA,NA,NA,NA,NA,NA,NA,NA,NA,NA,NA,"GENUS",NA,NA,NA,NA,"ACCEPTED",NA,NA,NA,NA,NA,"review"
"CoLx5E","x5E",NA,NA,"x5C",NA,NA,NA,NA,"Macropsylla",NA,NA,NA,NA,NA,NA,NA,NA,NA,NA,NA,NA,NA,NA,NA,NA,"GENUS",NA,NA,NA,NA,"ACCEPTED",NA,NA,NA,NA,NA,"review"
"CoLx4S","x4S",NA,NA,"xA",NA,NA,NA,NA,"Malacopsylloidea",NA,NA,NA,NA,NA,NA,NA,NA,NA,NA,NA,NA,NA,NA,NA,NA,"SUPERFAMILY",NA,NA,NA,NA,"ACCEPTED",NA,NA,NA,NA,NA,"review"
"CoLxA6","xA6",NA,NA,"x4S",NA,NA,NA,NA,"Malacopsyllidae",NA,NA,NA,NA,NA,NA,NA,NA,NA,NA,NA,NA,NA,NA,NA,NA,"FAMILY",NA,NA,NA,NA,"ACCEPTED",NA,NA,NA,NA,NA,"review"
"CoLxA8","xA8",NA,NA,"xA6",NA,NA,NA,NA,"Malacopsylla",NA,NA,NA,NA,NA,NA,NA,NA,NA,NA,NA,NA,NA,NA,NA,NA,"GENUS",NA,NA,NA,NA,"ACCEPTED",NA,NA,NA,NA,NA,"review"
"CoLxAA","xAA",NA,NA,"xA6",NA,NA,NA,NA,"Phthiropsylla",NA,NA,NA,NA,NA,NA,NA,NA,NA,NA,NA,NA,NA,NA,NA,NA,"GENUS",NA,NA,NA,NA,"ACCEPTED",NA,NA,NA,NA,NA,"review"
"CoLx4U","x4U",NA,NA,"x4S",NA,NA,NA,NA,"Rhopalopsyllidae",NA,NA,NA,NA,NA,NA,NA,NA,NA,NA,NA,NA,NA,NA,NA,NA,"FAMILY",NA,NA,NA,NA,"ACCEPTED",NA,NA,NA,NA,NA,"review"
"CoLxAN","xAN",NA,NA,"x4U",NA,NA,NA,NA,"Rhopalopsyllus",NA,NA,NA,NA,NA,NA,NA,NA,NA,NA,NA,NA,NA,NA,NA,NA,"GENUS",NA,NA,NA,NA,"ACCEPTED",NA,NA,NA,NA,NA,"review"
"CoLxAQ","xAQ",NA,NA,"x4U",NA,NA,NA,NA,"Scolopsyllus",NA,NA,NA,NA,NA,NA,NA,NA,NA,NA,NA,NA,NA,NA,NA,NA,"GENUS",NA,NA,NA,NA,"ACCEPTED",NA,NA,NA,NA,NA,"review"
"CoLxAC","xAC",NA,NA,"x4U",NA,NA,NA,NA,"Delostichus",NA,NA,NA,NA,NA,NA,NA,NA,NA,NA,NA,NA,NA,NA,NA,NA,"GENUS",NA,NA,NA,NA,"ACCEPTED",NA,NA,NA,NA,NA,"review"
"CoLxAG","xAG",NA,NA,"x4U",NA,NA,NA,NA,"Eritranis",NA,NA,NA,NA,NA,NA,NA,NA,NA,NA,NA,NA,NA,NA,NA,NA,"GENUS",NA,NA,NA,NA,"ACCEPTED",NA,NA,NA,NA,NA,"review"
"CoLxAE","xAE",NA,NA,"x4U",NA,NA,NA,NA,"Listronius",NA,NA,NA,NA,NA,NA,NA,NA,NA,NA,NA,NA,NA,NA,NA,NA,"GENUS",NA,NA,NA,NA,"ACCEPTED",NA,NA,NA,NA,NA,"review"
"CoLxAJ","xAJ",NA,NA,"x4U",NA,NA,NA,NA,"Tetrapsyllus",NA,NA,NA,NA,NA,NA,NA,NA,NA,NA,NA,NA,NA,NA,NA,NA,"GENUS",NA,NA,NA,NA,"ACCEPTED",NA,NA,NA,NA,NA,"review"
"CoLxAL","xAL",NA,NA,"x4U",NA,NA,NA,NA,"Polygenis",NA,NA,NA,NA,NA,NA,NA,NA,NA,NA,NA,NA,NA,NA,NA,NA,"GENUS",NA,NA,NA,NA,"ACCEPTED",NA,NA,NA,NA,NA,"review"
"CoLx6J","x6J",NA,NA,"x4U",NA,NA,NA,NA,"Parapsyllus",NA,NA,NA,NA,NA,NA,NA,NA,NA,NA,NA,NA,NA,NA,NA,NA,"GENUS",NA,NA,NA,NA,"ACCEPTED",NA,NA,NA,NA,NA,"review"
"CoLx4W","x4W",NA,NA,"x4U",NA,NA,NA,NA,"Ectinorus",NA,NA,NA,NA,NA,NA,NA,NA,NA,NA,NA,NA,NA,NA,NA,NA,"GENUS",NA,NA,NA,NA,"ACCEPTED",NA,NA,NA,NA,NA,"review"
"CoLx4Y","x4Y",NA,NA,"x4U",NA,NA,NA,NA,"Tiamastus",NA,NA,NA,NA,NA,NA,NA,NA,NA,NA,NA,NA,NA,NA,NA,NA,"GENUS",NA,NA,NA,NA,"ACCEPTED",NA,NA,NA,NA,NA,"review"
"CoLx4E","x4E",NA,NA,"xA",NA,NA,NA,NA,"Hystrichopsylloidea",NA,NA,NA,NA,NA,NA,NA,NA,NA,NA,NA,NA,NA,NA,NA,NA,"SUPERFAMILY",NA,NA,NA,NA,"ACCEPTED",NA,NA,NA,NA,NA,"review"
"CoLx4G","x4G",NA,NA,"x4E",NA,NA,NA,NA,"Hystrichopsyllidae",NA,NA,NA,NA,NA,NA,NA,NA,NA,NA,NA,NA,NA,NA,NA,NA,"FAMILY",NA,NA,NA,NA,"ACCEPTED",NA,NA,NA,NA,NA,"review"
"CoLxE8","xE8",NA,NA,"x4G",NA,NA,NA,NA,"Anomiopsyllus",NA,NA,NA,NA,NA,NA,NA,NA,NA,NA,NA,NA,NA,NA,NA,NA,"GENUS",NA,NA,NA,NA,"ACCEPTED",NA,NA,NA,NA,NA,"review"
"CoLxEC","xEC",NA,NA,"x4G",NA,NA,NA,NA,"Conorhinopsylla",NA,NA,NA,NA,NA,NA,NA,NA,NA,NA,NA,NA,NA,NA,NA,NA,"GENUS",NA,NA,NA,NA,"ACCEPTED",NA,NA,NA,NA,NA,"review"
"CoLxEE","xEE",NA,NA,"x4G",NA,NA,NA,NA,"Eopsylla",NA,NA,NA,NA,NA,NA,NA,NA,NA,NA,NA,NA,NA,NA,NA,NA,"GENUS",NA,NA,NA,NA,"ACCEPTED",NA,NA,NA,NA,NA,"review"
"CoLxEA","xEA",NA,NA,"x4G",NA,NA,NA,NA,"Callistopsyllus",NA,NA,NA,NA,NA,NA,NA,NA,NA,NA,NA,NA,NA,NA,NA,NA,"GENUS",NA,NA,NA,NA,"ACCEPTED",NA,NA,NA,NA,NA,"review"
"CoLxEJ","xEJ",NA,NA,"x4G",NA,NA,NA,NA,"Stenistomera",NA,NA,NA,NA,NA,NA,NA,NA,NA,NA,NA,NA,NA,NA,NA,NA,"GENUS",NA,NA,NA,NA,"ACCEPTED",NA,NA,NA,NA,NA,"review"
"CoLxEG","xEG",NA,NA,"x4G",NA,NA,NA,NA,"Megarthroglossus",NA,NA,NA,NA,NA,NA,NA,NA,NA,NA,NA,NA,NA,NA,NA,NA,"GENUS",NA,NA,NA,NA,"ACCEPTED",NA,NA,NA,NA,NA,"review"
"CoLxDQ","xDQ",NA,NA,"x4G",NA,NA,NA,NA,"Trichopsylloides",NA,NA,NA,NA,NA,NA,NA,NA,NA,NA,NA,NA,NA,NA,NA,NA,"GENUS",NA,NA,NA,NA,"ACCEPTED",NA,NA,NA,NA,NA,"review"
"CoLxDS","xDS",NA,NA,"x4G",NA,NA,NA,NA,"Wenzella",NA,NA,NA,NA,NA,NA,NA,NA,NA,NA,NA,NA,NA,NA,NA,NA,"GENUS",NA,NA,NA,NA,"ACCEPTED",NA,NA,NA,NA,NA,"review"
"CoLxEL","xEL",NA,NA,"x4G",NA,NA,NA,NA,"Wagnerina",NA,NA,NA,NA,NA,NA,NA,NA,NA,NA,NA,NA,NA,NA,NA,NA,"GENUS",NA,NA,NA,NA,"ACCEPTED",NA,NA,NA,NA,NA,"review"
"CoLxEN","xEN",NA,NA,"x4G",NA,NA,NA,NA,"Agastopsylla",NA,NA,NA,NA,NA,NA,NA,NA,NA,NA,NA,NA,NA,NA,NA,NA,"GENUS",NA,NA,NA,NA,"ACCEPTED",NA,NA,NA,NA,NA,"review"
"CoLxEQ","xEQ",NA,NA,"x4G",NA,NA,NA,NA,"Carteretta",NA,NA,NA,NA,NA,NA,NA,NA,NA,NA,NA,NA,NA,NA,NA,NA,"GENUS",NA,NA,NA,NA,"ACCEPTED",NA,NA,NA,NA,NA,"review"
"CoLxEU","xEU",NA,NA,"x4G",NA,NA,NA,NA,"Neotyphloceras",NA,NA,NA,NA,NA,NA,NA,NA,NA,NA,NA,NA,NA,NA,NA,NA,"GENUS",NA,NA,NA,NA,"ACCEPTED",NA,NA,NA,NA,NA,"review"
"CoLxES","xES",NA,NA,"x4G",NA,NA,NA,NA,"Chiliopsylla",NA,NA,NA,NA,NA,NA,NA,NA,NA,NA,NA,NA,NA,NA,NA,NA,"GENUS",NA,NA,NA,NA,"ACCEPTED",NA,NA,NA,NA,NA,"review"
"CoLxF2","xF2",NA,NA,"x4G",NA,NA,NA,NA,"Doratopsylla",NA,NA,NA,NA,NA,NA,NA,NA,NA,NA,NA,NA,NA,NA,NA,NA,"GENUS",NA,NA,NA,NA,"ACCEPTED",NA,NA,NA,NA,NA,"review"
"CoLxEY","xEY",NA,NA,"x4G",NA,NA,NA,NA,"Corrodopsylla",NA,NA,NA,NA,NA,NA,NA,NA,NA,NA,NA,NA,NA,NA,NA,NA,"GENUS",NA,NA,NA,NA,"ACCEPTED",NA,NA,NA,NA,NA,"review"
"CoLxEW","xEW",NA,NA,"x4G",NA,NA,NA,NA,"Acedestia",NA,NA,NA,NA,NA,NA,NA,NA,NA,NA,NA,NA,NA,NA,NA,NA,"GENUS",NA,NA,NA,NA,"ACCEPTED",NA,NA,NA,NA,NA,"review"
"CoLxFE","xFE",NA,NA,"x4G",NA,NA,NA,NA,"Genoneopsylla",NA,NA,NA,NA,NA,NA,NA,NA,NA,NA,NA,NA,NA,NA,NA,NA,"GENUS",NA,NA,NA,NA,"ACCEPTED",NA,NA,NA,NA,NA,"review"
"CoLxFG","xFG",NA,NA,"x4G",NA,NA,NA,NA,"Paraneopsylla",NA,NA,NA,NA,NA,NA,NA,NA,NA,NA,NA,NA,NA,NA,NA,NA,"GENUS",NA,NA,NA,NA,"ACCEPTED",NA,NA,NA,NA,NA,"review"
"CoLxFA","xFA",NA,NA,"x4G",NA,NA,NA,NA,"Rothschildiana",NA,NA,NA,NA,NA,NA,NA,NA,NA,NA,NA,NA,NA,NA,NA,NA,"GENUS",NA,NA,NA,NA,"ACCEPTED",NA,NA,NA,NA,NA,"review"
"CoLxFC","xFC",NA,NA,"x4G",NA,NA,NA,NA,"Tamiophila",NA,NA,NA,NA,NA,NA,NA,NA,NA,NA,NA,NA,NA,NA,NA,NA,"GENUS",NA,NA,NA,NA,"ACCEPTED",NA,NA,NA,NA,NA,"review"
"CoLxFL","xFL",NA,NA,"x4G",NA,NA,NA,NA,"Typhloceras",NA,NA,NA,NA,NA,NA,NA,NA,NA,NA,NA,NA,NA,NA,NA,NA,"GENUS",NA,NA,NA,NA,"ACCEPTED",NA,NA,NA,NA,NA,"review"
"CoLxFJ","xFJ",NA,NA,"x4G",NA,NA,NA,NA,"Delotelis",NA,NA,NA,NA,NA,NA,NA,NA,NA,NA,NA,NA,NA,NA,NA,NA,"GENUS",NA,NA,NA,NA,"ACCEPTED",NA,NA,NA,NA,NA,"review"
"CoLxF6","xF6",NA,NA,"x4G",NA,NA,NA,NA,"Adoratopsylla",NA,NA,NA,NA,NA,NA,NA,NA,NA,NA,NA,NA,NA,NA,NA,NA,"GENUS",NA,NA,NA,NA,"ACCEPTED",NA,NA,NA,NA,NA,"review"
"CoLxF4","xF4",NA,NA,"x4G",NA,NA,NA,NA,"Idilla",NA,NA,NA,NA,NA,NA,NA,NA,NA,NA,NA,NA,NA,NA,NA,NA,"GENUS",NA,NA,NA,NA,"ACCEPTED",NA,NA,NA,NA,NA,"review"
"CoLxF8","xF8",NA,NA,"x4G",NA,NA,NA,NA,"Listropsylla",NA,NA,NA,NA,NA,NA,NA,NA,NA,NA,NA,NA,NA,NA,NA,NA,"GENUS",NA,NA,NA,NA,"ACCEPTED",NA,NA,NA,NA,NA,"review"
"CoLxDE","xDE",NA,NA,"x4G",NA,NA,NA,NA,"Strepsylla",NA,NA,NA,NA,NA,NA,NA,NA,NA,NA,NA,NA,NA,NA,NA,NA,"GENUS",NA,NA,NA,NA,"ACCEPTED",NA,NA,NA,NA,NA,"review"
"CoLxDC","xDC",NA,NA,"x4G",NA,NA,NA,NA,"Phalacropsylla",NA,NA,NA,NA,NA,NA,NA,NA,NA,NA,NA,NA,NA,NA,NA,NA,"GENUS",NA,NA,NA,NA,"ACCEPTED",NA,NA,NA,NA,NA,"review"
"CoLxDA","xDA",NA,NA,"x4G",NA,NA,NA,NA,"Meringis",NA,NA,NA,NA,NA,NA,NA,NA,NA,NA,NA,NA,NA,NA,NA,NA,"GENUS",NA,NA,NA,NA,"ACCEPTED",NA,NA,NA,NA,NA,"review"
"CoLxD8","xD8",NA,NA,"x4G",NA,NA,NA,NA,"Epitedia",NA,NA,NA,NA,NA,NA,NA,NA,NA,NA,NA,NA,NA,NA,NA,NA,"GENUS",NA,NA,NA,NA,"ACCEPTED",NA,NA,NA,NA,NA,"review"
"CoLxDN","xDN",NA,NA,"x4G",NA,NA,NA,NA,"Atyphloceras",NA,NA,NA,NA,NA,NA,NA,NA,NA,NA,NA,NA,NA,NA,NA,NA,"GENUS",NA,NA,NA,NA,"ACCEPTED",NA,NA,NA,NA,NA,"review"
"CoLxDL","xDL",NA,NA,"x4G",NA,NA,NA,NA,"Ctenoparia",NA,NA,NA,NA,NA,NA,NA,NA,NA,NA,NA,NA,NA,NA,NA,NA,"GENUS",NA,NA,NA,NA,"ACCEPTED",NA,NA,NA,NA,NA,"review"
"CoLxDG","xDG",NA,NA,"x4G",NA,NA,NA,NA,"Corypsylla",NA,NA,NA,NA,NA,NA,NA,NA,NA,NA,NA,NA,NA,NA,NA,NA,"GENUS",NA,NA,NA,NA,"ACCEPTED",NA,NA,NA,NA,NA,"review"
"CoLxDJ","xDJ",NA,NA,"x4G",NA,NA,NA,NA,"Stenoponia",NA,NA,NA,NA,NA,NA,NA,NA,NA,NA,NA,NA,NA,NA,NA,NA,"GENUS",NA,NA,NA,NA,"ACCEPTED",NA,NA,NA,NA,NA,"review"
"CoLxD4","xD4",NA,NA,"x4G",NA,NA,NA,NA,"Nearctopsylla",NA,NA,NA,NA,NA,NA,NA,NA,NA,NA,NA,NA,NA,NA,NA,NA,"GENUS",NA,NA,NA,NA,"ACCEPTED",NA,NA,NA,NA,NA,"review"
"CoLxD6","xD6",NA,NA,"x4G",NA,NA,NA,NA,"Paratyphloceras",NA,NA,NA,NA,NA,NA,NA,NA,NA,NA,NA,NA,NA,NA,NA,NA,"GENUS",NA,NA,NA,NA,"ACCEPTED",NA,NA,NA,NA,NA,"review"
"CoLx7U","x7U",NA,NA,"x4G",NA,NA,NA,NA,"Xenodaeria",NA,NA,NA,NA,NA,NA,NA,NA,NA,NA,NA,NA,NA,NA,NA,NA,"GENUS",NA,NA,NA,NA,"ACCEPTED",NA,NA,NA,NA,NA,"review"
"CoLx8J","x8J",NA,NA,"x4G",NA,NA,NA,NA,"Liuopsylla",NA,NA,NA,NA,NA,NA,NA,NA,NA,NA,NA,NA,NA,NA,NA,NA,"GENUS",NA,NA,NA,NA,"ACCEPTED",NA,NA,NA,NA,NA,"review"
"CoLx6E","x6E",NA,NA,"x4G",NA,NA,NA,NA,"Palaeopsylla",NA,NA,NA,NA,NA,NA,NA,NA,NA,NA,NA,NA,NA,NA,NA,NA,"GENUS",NA,NA,NA,NA,"ACCEPTED",NA,NA,NA,NA,NA,"review"
"CoLx5U","x5U",NA,NA,"x4G",NA,NA,NA,NA,"Jordanopsylla",NA,NA,NA,NA,NA,NA,NA,NA,NA,NA,NA,NA,NA,NA,NA,NA,"GENUS",NA,NA,NA,NA,"ACCEPTED",NA,NA,NA,NA,NA,"review"
"CoLx5W","x5W",NA,NA,"x4G",NA,NA,NA,NA,"Neopsylla",NA,NA,NA,NA,NA,NA,NA,NA,NA,NA,NA,NA,NA,NA,NA,NA,"GENUS",NA,NA,NA,NA,"ACCEPTED",NA,NA,NA,NA,NA,"review"
"CoLx62","x62",NA,NA,"x4G",NA,NA,NA,NA,"Stenischia",NA,NA,NA,NA,NA,NA,NA,NA,NA,NA,NA,NA,NA,NA,NA,NA,"GENUS",NA,NA,NA,NA,"ACCEPTED",NA,NA,NA,NA,NA,"review"
"CoLx6C","x6C",NA,NA,"x4G",NA,NA,NA,NA,"Dinopsyllus",NA,NA,NA,NA,NA,NA,NA,NA,NA,NA,NA,NA,NA,NA,NA,NA,"GENUS",NA,NA,NA,NA,"ACCEPTED",NA,NA,NA,NA,NA,"review"
"CoLx5Q","x5Q",NA,NA,"x4G",NA,NA,NA,NA,"Hystrichopsylla",NA,NA,NA,NA,NA,NA,NA,NA,NA,NA,NA,NA,NA,NA,NA,NA,"GENUS",NA,NA,NA,NA,"ACCEPTED",NA,NA,NA,NA,NA,"review"
"CoLx4Q","x4Q",NA,NA,"x4G",NA,NA,NA,NA,"Ctenophthalmus",NA,NA,NA,NA,NA,NA,NA,NA,NA,NA,NA,NA,NA,NA,NA,NA,"GENUS",NA,NA,NA,NA,"ACCEPTED",NA,NA,NA,NA,NA,"review"
"CoLx52","x52",NA,NA,"x4G",NA,NA,NA,NA,"Rhadinopsylla",NA,NA,NA,NA,NA,NA,NA,NA,NA,NA,NA,NA,NA,NA,NA,NA,"GENUS",NA,NA,NA,NA,"ACCEPTED",NA,NA,NA,NA,NA,"review"
"CoLx4J","x4J",NA,NA,"x4G",NA,NA,NA,NA,"Catallagia",NA,NA,NA,NA,NA,NA,NA,NA,NA,NA,NA,NA,NA,NA,NA,NA,"GENUS",NA,NA,NA,NA,"ACCEPTED",NA,NA,NA,NA,NA,"review"
"CoLx4L","x4L",NA,NA,"x4E",NA,NA,NA,NA,"Chimaeropsyllidae",NA,NA,NA,NA,NA,NA,NA,NA,NA,NA,NA,NA,NA,NA,NA,NA,"FAMILY",NA,NA,NA,NA,"ACCEPTED",NA,NA,NA,NA,NA,"review"
"CoLxFW","xFW",NA,NA,"x4L",NA,NA,NA,NA,"Epirimia",NA,NA,NA,NA,NA,NA,NA,NA,NA,NA,NA,NA,NA,NA,NA,NA,"GENUS",NA,NA,NA,NA,"ACCEPTED",NA,NA,NA,NA,NA,"review"
"CoLxFY","xFY",NA,NA,"x4L",NA,NA,NA,NA,"Macroscelidopsylla",NA,NA,NA,NA,NA,NA,NA,NA,NA,NA,NA,NA,NA,NA,NA,NA,"GENUS",NA,NA,NA,NA,"ACCEPTED",NA,NA,NA,NA,NA,"review"
"CoLxFS","xFS",NA,NA,"x4L",NA,NA,NA,NA,"Chimaeropsylla",NA,NA,NA,NA,NA,NA,NA,NA,NA,NA,NA,NA,NA,NA,NA,NA,"GENUS",NA,NA,NA,NA,"ACCEPTED",NA,NA,NA,NA,NA,"review"
"CoLxFU","xFU",NA,NA,"x4L",NA,NA,NA,NA,"Demeillionia",NA,NA,NA,NA,NA,NA,NA,NA,NA,NA,NA,NA,NA,NA,NA,NA,"GENUS",NA,NA,NA,NA,"ACCEPTED",NA,NA,NA,NA,NA,"review"
"CoLxFN","xFN",NA,NA,"x4L",NA,NA,NA,NA,"Cryptopsylla",NA,NA,NA,NA,NA,NA,NA,NA,NA,NA,NA,NA,NA,NA,NA,NA,"GENUS",NA,NA,NA,NA,"ACCEPTED",NA,NA,NA,NA,NA,"review"
"CoLxFQ","xFQ",NA,NA,"x4L",NA,NA,NA,NA,"Praeopsylla",NA,NA,NA,NA,NA,NA,NA,NA,NA,NA,NA,NA,NA,NA,NA,NA,"GENUS",NA,NA,NA,NA,"ACCEPTED",NA,NA,NA,NA,NA,"review"
"CoLx4N","x4N",NA,NA,"x4L",NA,NA,NA,NA,"Chiastopsylla",NA,NA,NA,NA,NA,NA,NA,NA,NA,NA,NA,NA,NA,NA,NA,NA,"GENUS",NA,NA,NA,NA,"ACCEPTED",NA,NA,NA,NA,NA,"review"
"CoLx54","x54",NA,NA,"x4L",NA,NA,NA,NA,"Hypsophthalmus",NA,NA,NA,NA,NA,NA,NA,NA,NA,NA,NA,NA,NA,NA,NA,NA,"GENUS",NA,NA,NA,NA,"ACCEPTED",NA,NA,NA,NA,NA,"review"
"ITIS202423","202423",202423,NA,NA,NA,NA,NA,NA,"Animalia",NA,NA,NA,NA,NA,NA,NA,NA,NA,NA,NA,NA,NA,NA,NA,NA,"kingdom",NA,NA,NA,NA,"valid",NA,NA,NA,NA,NA,"review"
